ID,Annual.Salary,Job,refid,Applicant,Market,Experience,Hire.Date,2014.Performance,2015.Performance
1,24538,office worker,,0,'San Fran',4,6/8/2013,5,4
2,115179,director,262,1,'Orlando',5,9/8/2014,5,4
3,78105,analyst,799,1,'New Orleans',5,4/12/2014,4,1
4,76174,analyst,288,1,'New Orleans',3,3/2/2014,3,1
5,116357,director,,0,'New York',5,4/24/2015,4,0
6,104471,director,,0,'Orlando',4,9/3/2013,5,4
7,37498,programmer 1,518,1,'Orlando',5,7/5/2014,2,4
8,71570,analyst,,0,'New Orleans',4,11/8/2013,1,5
9,41345,programmer 1,,0,'New York',4,2/27/2013,4,0
10,24841,office worker,,0,'San Fran',5,11/17/2015,0,2
11,65641,analyst,,0,'San Fran',6,12/27/2014,2,0
12,38720,programmer 1,974,1,'New York',5,10/19/2014,4,3
13,23706,office worker,192,1,'San Fran',2,7/18/2014,3,3
14,55276,programmer 2,929,1,'San Fran',1,8/30/2014,4,3
15,56354,programmer 2,646,1,'Orlando',1,12/9/2015,4,4
16,95807,sr. analyst,,0,'New Orleans',5,5/18/2015,3,2
17,66746,analyst,803,1,'New York',4,4/22/2014,2,0
18,113816,director,,0,'New York',3,12/2/2013,3,0
19,43004,programmer 1,,0,'San Fran',3,5/5/2015,4,5
20,31577,programmer 1,,0,'New York',1,3/30/2014,4,2
21,42435,programmer 1,759,1,'New York',5,3/31/2013,1,0
22,29734,office worker,629,1,'San Fran',1,9/5/2014,1,1
23,79599,analyst,,0,'Orlando',2,3/13/2015,5,2
24,50933,programmer 2,214,1,'San Fran',2,1/20/2015,2,1
25,41287,programmer 1,,0,'New York',1,1/17/2015,1,3
26,82918,sr. analyst,,0,'New York',4,6/12/2015,4,5
27,83972,sr. analyst,,0,'Orlando',2,3/18/2014,0,0
28,93212,sr. analyst,,0,'Orlando',6,10/29/2015,2,3
29,87892,sr. analyst,,0,'New Orleans',1,9/17/2013,3,2
30,72643,analyst,,0,'San Fran',5,9/23/2013,2,1
31,102769,director,703,1,'New Orleans',5,5/6/2013,1,1
32,25992,office worker,301,1,'San Fran',1,5/17/2014,4,2
33,66827,analyst,219,1,'New Orleans',3,1/7/2013,4,5
34,62104,analyst,,0,'New Orleans',4,1/11/2015,3,5
35,29043,office worker,400,1,'New York',1,2/26/2015,2,5
36,103473,director,,0,'San Fran',5,12/2/2015,1,2
37,98153,sr. analyst,150,1,'San Fran',6,9/2/2013,3,1
38,40611,programmer 1,995,1,'New York',1,1/5/2013,0,5
39,63297,analyst,,0,'New Orleans',3,12/11/2013,3,5
40,72956,analyst,28,1,'Orlando',5,4/28/2013,3,0
41,111762,director,942,1,'New York',1,1/21/2014,5,5
42,39580,programmer 1,390,1,'New York',2,2/6/2015,3,0
43,109695,director,,0,'San Fran',1,7/15/2013,5,1
44,105204,director,,0,'New York',6,7/30/2013,0,2
45,94188,sr. analyst,219,1,'New Orleans',5,5/31/2014,3,5
46,85406,sr. analyst,262,1,'New York',5,11/17/2013,3,2
47,30751,programmer 1,,0,'San Fran',5,4/7/2014,1,4
48,47672,programmer 1,,0,'New York',5,8/26/2014,1,4
49,72974,analyst,817,1,'New Orleans',2,10/30/2015,3,0
50,86456,sr. analyst,,0,'Orlando',6,2/17/2014,1,5
51,51072,programmer 2,989,1,'Orlando',5,10/28/2013,3,0
52,51999,programmer 2,,0,'San Fran',2,2/22/2015,2,5
53,69972,analyst,200,1,'New York',6,11/10/2015,0,1
54,49410,programmer 1,,0,'Orlando',1,12/9/2015,3,0
55,86680,sr. analyst,113,1,'San Fran',2,3/5/2014,3,2
56,68708,analyst,,0,'San Fran',4,6/8/2014,4,1
57,112913,director,786,1,'Orlando',3,7/5/2013,1,3
58,50605,programmer 2,,0,'San Fran',6,9/10/2015,3,2
59,24534,office worker,,0,'New Orleans',4,9/7/2015,4,2
60,25927,office worker,,0,'New Orleans',1,4/10/2013,2,2
61,83634,sr. analyst,569,1,'Orlando',3,8/29/2015,2,2
62,35539,programmer 1,,0,'Orlando',1,12/6/2014,3,1
63,82667,sr. analyst,,0,'New York',3,8/12/2014,1,5
64,103109,director,,0,'San Fran',5,7/1/2015,5,3
65,106247,director,,0,'New York',5,1/7/2014,3,3
66,38540,programmer 1,,0,'Orlando',3,12/8/2015,5,5
67,67189,analyst,121,1,'New York',2,1/15/2015,5,5
68,75232,analyst,,0,'San Fran',2,3/10/2015,5,4
69,74358,analyst,523,1,'New York',6,12/3/2013,3,2
70,82180,sr. analyst,,0,'San Fran',2,10/20/2015,5,4
71,92275,sr. analyst,631,1,'New Orleans',4,6/24/2013,1,3
72,98408,sr. analyst,,0,'New Orleans',3,1/30/2015,4,1
73,51220,programmer 2,,0,'Orlando',5,12/11/2013,2,3
74,37356,programmer 1,107,1,'New York',6,1/21/2015,1,0
75,31910,programmer 1,,0,'San Fran',2,3/5/2013,1,5
76,54324,programmer 2,377,1,'New York',2,2/11/2014,5,2
77,65251,analyst,245,1,'Orlando',3,3/22/2014,2,2
78,86617,sr. analyst,,0,'Orlando',1,1/18/2015,5,1
79,87301,sr. analyst,143,1,'New York',5,7/23/2013,4,5
80,114730,director,567,1,'New York',6,11/12/2014,1,1
81,47185,programmer 1,387,1,'New Orleans',1,8/3/2014,3,4
82,111659,director,969,1,'New Orleans',5,5/11/2013,4,1
83,49285,programmer 1,996,1,'San Fran',3,12/14/2014,2,5
84,74632,analyst,,0,'New Orleans',5,6/26/2015,1,5
85,48229,programmer 1,,0,'San Fran',1,7/11/2014,0,3
86,61535,analyst,558,1,'Orlando',6,10/27/2014,0,3
87,86509,sr. analyst,,0,'San Fran',1,7/16/2015,4,0
88,38476,programmer 1,,0,'New Orleans',6,5/17/2015,5,0
89,110783,director,,0,'Orlando',6,9/2/2015,2,1
90,99469,sr. analyst,,0,'New York',2,2/25/2014,2,3
91,44190,programmer 1,,0,'New Orleans',4,10/21/2015,2,3
92,109461,director,434,1,'New York',2,5/10/2014,2,1
93,116462,director,,0,'San Fran',5,8/29/2014,1,5
94,95215,sr. analyst,,0,'Orlando',2,1/8/2013,4,4
95,50241,programmer 2,,0,'New Orleans',2,5/15/2015,5,4
96,110415,director,537,1,'New Orleans',3,3/6/2015,5,1
97,25607,office worker,698,1,'New Orleans',2,1/11/2014,0,3
98,106802,director,290,1,'Orlando',6,6/2/2014,0,3
99,39435,programmer 1,,0,'New York',4,2/26/2014,0,5
100,66231,analyst,,0,'New Orleans',4,7/5/2013,5,1
101,68524,analyst,,0,'New York',6,3/20/2013,5,0
102,20333,office worker,,0,'New Orleans',6,3/4/2015,4,4
103,25207,office worker,851,1,'San Fran',1,5/22/2013,4,1
104,48213,programmer 1,899,1,'New Orleans',2,3/8/2014,3,4
105,80895,sr. analyst,150,1,'New York',4,1/10/2015,0,1
106,112828,director,,0,'San Fran',1,11/7/2014,4,1
107,110657,director,,0,'New York',5,11/10/2013,2,0
108,38437,programmer 1,,0,'San Fran',5,2/3/2014,0,5
109,108264,director,436,1,'Orlando',4,4/16/2015,1,4
110,116302,director,,0,'San Fran',2,6/21/2014,3,0
111,64956,analyst,883,1,'New York',2,2/22/2014,1,5
112,105331,director,182,1,'New York',1,9/10/2015,4,0
113,58990,programmer 2,,0,'New York',4,4/29/2013,1,0
114,41642,programmer 1,,0,'Orlando',5,10/4/2014,0,1
115,38781,programmer 1,,0,'San Fran',1,1/20/2015,2,4
116,84992,sr. analyst,,0,'New York',3,6/28/2013,2,0
117,97742,sr. analyst,,0,'Orlando',3,1/12/2013,0,2
118,27403,office worker,775,1,'New Orleans',4,10/27/2013,1,0
119,75678,analyst,,0,'San Fran',6,3/13/2014,1,4
120,27982,office worker,482,1,'Orlando',1,1/7/2014,1,5
121,59972,programmer 2,58,1,'San Fran',4,12/16/2013,0,1
122,72149,analyst,186,1,'San Fran',5,3/13/2013,1,2
123,70566,analyst,,0,'New York',4,4/10/2015,3,4
124,54348,programmer 2,,0,'Orlando',2,6/27/2013,1,0
125,88802,sr. analyst,,0,'San Fran',5,6/27/2013,5,2
126,70891,analyst,107,1,'Orlando',1,11/4/2014,5,3
127,53715,programmer 2,816,1,'San Fran',6,11/16/2013,2,2
128,29618,office worker,,0,'New York',2,11/24/2015,2,0
129,58682,programmer 2,,0,'Orlando',5,1/20/2013,4,0
130,111117,director,,0,'New York',4,3/4/2014,1,4
131,68924,analyst,,0,'New York',2,2/24/2014,2,2
132,38697,programmer 1,,0,'New York',3,4/3/2015,5,2
133,114195,director,316,1,'Orlando',6,12/31/2014,1,0
134,91051,sr. analyst,,0,'Orlando',4,6/23/2013,3,2
135,58620,programmer 2,,0,'San Fran',2,9/29/2013,5,4
136,37970,programmer 1,,0,'Orlando',5,9/30/2014,1,3
137,101596,director,,0,'Orlando',6,6/14/2014,0,5
138,44324,programmer 1,,0,'Orlando',5,1/16/2015,3,5
139,116107,director,,0,'San Fran',2,7/13/2013,3,0
140,30194,programmer 1,24,1,'New Orleans',4,8/9/2014,4,0
141,37977,programmer 1,,0,'San Fran',1,1/27/2015,5,0
142,84736,sr. analyst,,0,'New York',1,5/26/2014,0,2
143,65763,analyst,,0,'New York',4,4/2/2013,3,1
144,33148,programmer 1,,0,'Orlando',2,9/21/2015,5,5
145,86497,sr. analyst,,0,'San Fran',3,8/26/2014,5,3
146,95582,sr. analyst,465,1,'New York',4,11/22/2013,2,3
147,95349,sr. analyst,,0,'Orlando',2,10/27/2014,2,5
148,104710,director,,0,'San Fran',6,2/7/2013,3,4
149,94886,sr. analyst,,0,'Orlando',4,5/30/2013,1,2
150,56709,programmer 2,,0,'New York',6,12/4/2014,2,2
151,88193,sr. analyst,,0,'Orlando',1,7/3/2015,3,5
152,63322,analyst,175,1,'New Orleans',3,4/30/2013,2,2
153,82536,sr. analyst,,0,'San Fran',1,5/28/2015,3,5
154,103833,director,115,1,'Orlando',6,6/9/2014,3,5
155,86326,sr. analyst,703,1,'New York',3,10/24/2013,1,3
156,106217,director,805,1,'New Orleans',3,3/18/2013,3,4
157,98763,sr. analyst,581,1,'New Orleans',3,3/24/2013,2,3
158,62282,analyst,65,1,'New York',5,2/16/2014,2,0
159,48403,programmer 1,,0,'New York',2,9/26/2015,2,5
160,106526,director,147,1,'New Orleans',4,10/10/2013,1,0
161,116095,director,891,1,'New York',6,3/30/2013,4,1
162,65458,analyst,,0,'Orlando',5,9/3/2013,2,1
163,34975,programmer 1,684,1,'Orlando',5,5/26/2015,5,4
164,41945,programmer 1,,0,'San Fran',2,9/3/2013,0,1
165,79597,analyst,806,1,'Orlando',4,3/19/2014,0,1
166,67619,analyst,299,1,'New York',1,6/25/2013,0,2
167,63866,analyst,614,1,'Orlando',6,10/26/2014,3,3
168,91085,sr. analyst,388,1,'Orlando',1,11/8/2014,3,2
169,30912,programmer 1,171,1,'New Orleans',1,8/4/2015,2,3
170,69310,analyst,10,1,'Orlando',1,9/9/2013,2,5
171,54509,programmer 2,742,1,'New York',3,12/9/2014,3,3
172,47825,programmer 1,,0,'New Orleans',1,5/16/2015,3,1
173,89570,sr. analyst,888,1,'San Fran',4,5/29/2014,0,4
174,111004,director,,0,'Orlando',3,5/14/2015,5,3
175,55804,programmer 2,901,1,'New York',5,4/10/2013,1,4
176,54248,programmer 2,619,1,'New York',5,7/10/2014,2,1
177,52790,programmer 2,,0,'New Orleans',6,1/27/2014,0,3
178,48223,programmer 1,,0,'Orlando',4,2/21/2015,0,2
179,106827,director,,0,'New York',6,8/10/2014,4,1
180,45480,programmer 1,,0,'New York',4,2/24/2014,4,3
181,99512,sr. analyst,385,1,'Orlando',6,12/11/2013,5,5
182,90074,sr. analyst,419,1,'New York',6,7/7/2013,1,0
183,78665,analyst,,0,'New York',1,9/28/2013,2,0
184,84103,sr. analyst,95,1,'San Fran',5,11/30/2014,5,4
185,48362,programmer 1,563,1,'Orlando',3,3/24/2014,2,4
186,95444,sr. analyst,120,1,'New Orleans',3,2/19/2013,5,2
187,48711,programmer 1,683,1,'Orlando',6,4/2/2014,4,2
188,92400,sr. analyst,608,1,'New Orleans',1,6/12/2014,5,2
189,66527,analyst,99,1,'New Orleans',5,12/28/2014,1,4
190,109766,director,,0,'San Fran',3,2/12/2013,4,1
191,117405,director,,0,'New Orleans',3,1/25/2014,3,3
192,43860,programmer 1,,0,'Orlando',1,6/27/2013,4,5
193,26295,office worker,173,1,'San Fran',4,3/15/2014,4,4
194,95751,sr. analyst,426,1,'New York',3,9/3/2014,3,2
195,100717,director,583,1,'Orlando',3,8/15/2013,4,5
196,73312,analyst,,0,'New Orleans',5,10/24/2013,1,4
197,37346,programmer 1,,0,'New York',5,5/27/2013,3,4
198,110600,director,,0,'New York',3,6/17/2015,3,0
199,108991,director,,0,'San Fran',2,9/27/2014,2,2
200,83657,sr. analyst,,0,'San Fran',1,2/13/2014,2,4
201,31118,programmer 1,220,1,'San Fran',2,3/30/2013,5,5
202,117476,director,858,1,'Orlando',1,3/20/2014,1,4
203,21597,office worker,586,1,'Orlando',2,6/3/2015,5,3
204,25990,office worker,906,1,'New Orleans',2,10/3/2014,1,1
205,68127,analyst,840,1,'San Fran',4,9/7/2014,2,2
206,109816,director,263,1,'New Orleans',4,12/16/2014,3,0
207,29063,office worker,,0,'San Fran',2,6/8/2013,2,4
208,90551,sr. analyst,,0,'Orlando',6,2/25/2013,5,1
209,62646,analyst,643,1,'San Fran',5,8/6/2013,3,3
210,79223,analyst,860,1,'San Fran',2,11/7/2015,2,4
211,66720,analyst,496,1,'San Fran',6,8/21/2014,4,5
212,82295,sr. analyst,,0,'New Orleans',3,7/13/2013,0,4
213,85415,sr. analyst,,0,'Orlando',5,4/13/2013,4,2
214,113999,director,358,1,'New York',5,11/12/2013,4,5
215,55584,programmer 2,,0,'Orlando',4,2/18/2014,5,0
216,108569,director,478,1,'San Fran',3,6/15/2014,1,2
217,47891,programmer 1,,0,'New Orleans',2,1/7/2015,0,1
218,103297,director,,0,'San Fran',4,11/30/2015,2,1
219,114667,director,731,1,'Orlando',2,6/22/2013,2,5
220,75235,analyst,,0,'Orlando',6,10/21/2015,0,5
221,116819,director,138,1,'Orlando',5,10/28/2013,5,4
222,119344,director,,0,'San Fran',5,9/21/2014,4,3
223,97674,sr. analyst,,0,'Orlando',3,5/11/2014,4,0
224,95412,sr. analyst,,0,'Orlando',5,7/22/2014,5,3
225,97617,sr. analyst,663,1,'San Fran',2,2/2/2014,3,5
226,92416,sr. analyst,,0,'Orlando',1,10/17/2015,0,1
227,53295,programmer 2,,0,'Orlando',4,9/30/2014,4,1
228,49935,programmer 1,753,1,'San Fran',5,6/7/2013,2,4
229,109628,director,,0,'San Fran',5,5/31/2015,5,4
230,115174,director,596,1,'San Fran',1,3/21/2015,4,1
231,95126,sr. analyst,,0,'San Fran',2,8/26/2015,5,4
232,97444,sr. analyst,,0,'Orlando',1,9/9/2013,1,2
233,114291,director,,0,'San Fran',2,6/21/2014,3,4
234,72828,analyst,508,1,'Orlando',4,10/20/2013,2,4
235,91852,sr. analyst,,0,'New Orleans',4,11/1/2013,4,1
236,89573,sr. analyst,,0,'New York',1,11/9/2015,5,3
237,106162,director,,0,'Orlando',2,2/22/2015,0,5
238,51149,programmer 2,710,1,'New Orleans',1,4/22/2014,1,0
239,115434,director,519,1,'New York',5,4/18/2014,5,4
240,51915,programmer 2,,0,'San Fran',2,7/3/2015,0,0
241,119525,director,688,1,'New York',4,8/7/2014,2,1
242,46978,programmer 1,797,1,'Orlando',3,10/26/2015,3,5
243,62442,analyst,,0,'San Fran',1,9/27/2014,1,1
244,43185,programmer 1,764,1,'San Fran',1,4/2/2015,0,5
245,94538,sr. analyst,,0,'New York',4,9/10/2013,5,5
246,28045,office worker,,0,'New York',2,12/16/2014,3,3
247,95120,sr. analyst,903,1,'New York',4,5/14/2015,4,2
248,45442,programmer 1,,0,'New Orleans',5,2/27/2013,2,2
249,33969,programmer 1,,0,'Orlando',2,10/11/2013,5,1
250,51721,programmer 2,,0,'New Orleans',2,12/10/2015,1,1
251,72043,analyst,,0,'Orlando',4,3/3/2014,1,5
252,44147,programmer 1,,0,'New York',1,5/12/2013,3,0
253,69589,analyst,,0,'Orlando',3,10/16/2013,0,2
254,46960,programmer 1,413,1,'Orlando',4,7/8/2015,3,0
255,36647,programmer 1,864,1,'San Fran',2,12/19/2013,1,5
256,31517,programmer 1,,0,'New Orleans',1,2/22/2014,2,5
257,97819,sr. analyst,226,1,'New Orleans',4,6/1/2014,5,0
258,98772,sr. analyst,755,1,'San Fran',1,10/22/2014,1,1
259,52695,programmer 2,,0,'New York',4,9/2/2015,1,5
260,32812,programmer 1,886,1,'Orlando',5,2/6/2015,3,2
261,114728,director,,0,'Orlando',5,3/4/2014,5,5
262,58462,programmer 2,388,1,'New Orleans',1,2/22/2015,3,4
263,113770,director,307,1,'New York',6,5/14/2013,4,1
264,68858,analyst,221,1,'New Orleans',5,9/6/2015,1,2
265,92698,sr. analyst,963,1,'New York',3,10/16/2015,4,3
266,66348,analyst,,0,'Orlando',6,4/30/2014,1,1
267,43232,programmer 1,,0,'San Fran',4,5/20/2015,2,5
268,20973,office worker,,0,'Orlando',4,4/29/2013,2,5
269,64696,analyst,,0,'New Orleans',4,5/7/2014,2,4
270,76463,analyst,795,1,'Orlando',3,10/13/2015,5,1
271,98409,sr. analyst,57,1,'Orlando',3,12/28/2014,4,0
272,43530,programmer 1,266,1,'San Fran',2,4/14/2013,3,5
273,98542,sr. analyst,,0,'New York',4,2/3/2014,3,0
274,51698,programmer 2,,0,'New York',6,2/7/2013,1,0
275,38210,programmer 1,598,1,'Orlando',6,5/21/2013,1,2
276,46480,programmer 1,,0,'Orlando',5,1/9/2014,5,3
277,91645,sr. analyst,,0,'San Fran',4,1/6/2013,0,4
278,114990,director,128,1,'New York',6,11/18/2014,2,5
279,87909,sr. analyst,389,1,'New Orleans',4,10/4/2014,3,5
280,32302,programmer 1,713,1,'San Fran',3,1/13/2013,3,4
281,110453,director,795,1,'New York',3,5/22/2014,2,4
282,49300,programmer 1,748,1,'San Fran',3,11/12/2013,5,2
283,32465,programmer 1,,0,'San Fran',5,2/18/2015,4,1
284,69854,analyst,754,1,'New York',2,3/1/2015,5,0
285,112554,director,35,1,'New York',1,4/27/2013,4,4
286,100359,director,,0,'New Orleans',1,10/1/2013,4,2
287,84914,sr. analyst,510,1,'New York',2,4/11/2013,4,1
288,106214,director,405,1,'San Fran',1,5/13/2013,0,4
289,26189,office worker,,0,'New York',6,12/8/2015,1,3
290,46380,programmer 1,,0,'San Fran',3,12/23/2014,1,5
291,95772,sr. analyst,,0,'Orlando',2,8/5/2013,1,5
292,76204,analyst,3,1,'New Orleans',3,6/16/2013,1,0
293,85197,sr. analyst,784,1,'New York',4,12/8/2014,2,5
294,70723,analyst,,0,'New York',3,8/16/2015,0,1
295,85854,sr. analyst,,0,'New Orleans',5,1/29/2013,2,5
296,61330,analyst,,0,'New Orleans',3,10/13/2015,1,4
297,72460,analyst,,0,'Orlando',1,8/11/2015,1,2
298,81422,sr. analyst,,0,'New Orleans',2,4/15/2014,3,2
299,72082,analyst,,0,'New Orleans',4,8/10/2014,0,4
300,97750,sr. analyst,449,1,'Orlando',5,8/31/2015,2,0
301,55505,programmer 2,,0,'New York',4,10/17/2014,1,0
302,60648,analyst,657,1,'San Fran',3,9/20/2014,5,2
303,103423,director,,0,'New Orleans',4,11/23/2014,2,0
304,77361,analyst,641,1,'Orlando',6,5/22/2015,4,1
305,66888,analyst,,0,'New Orleans',2,6/24/2013,3,5
306,61329,analyst,,0,'New Orleans',1,3/5/2014,1,1
307,40912,programmer 1,4,1,'San Fran',4,5/6/2014,5,1
308,102615,director,,0,'New Orleans',6,1/31/2014,2,4
309,92788,sr. analyst,,0,'New York',1,3/5/2015,5,3
310,50803,programmer 2,,0,'Orlando',3,1/13/2014,4,5
311,48902,programmer 1,727,1,'New Orleans',1,2/27/2013,5,4
312,69150,analyst,,0,'San Fran',4,9/13/2014,4,3
313,42042,programmer 1,,0,'Orlando',3,11/30/2015,2,2
314,112631,director,223,1,'New Orleans',1,10/9/2014,3,4
315,92388,sr. analyst,,0,'Orlando',4,3/3/2014,2,3
316,89615,sr. analyst,,0,'San Fran',3,12/21/2014,4,2
317,61163,analyst,371,1,'Orlando',6,4/27/2015,2,3
318,103309,director,31,1,'Orlando',3,1/18/2014,5,4
319,111883,director,,0,'San Fran',2,1/1/2015,4,5
320,105832,director,,0,'New York',6,9/29/2013,2,0
321,91799,sr. analyst,430,1,'San Fran',6,12/8/2013,1,4
322,108421,director,351,1,'San Fran',6,1/6/2015,3,0
323,78438,analyst,435,1,'New York',1,3/21/2015,3,5
324,119161,director,552,1,'San Fran',3,6/24/2014,2,4
325,38561,programmer 1,,0,'New York',2,8/22/2013,4,0
326,23721,office worker,,0,'Orlando',5,5/28/2013,1,4
327,20550,office worker,,0,'New Orleans',4,7/7/2014,3,1
328,21242,office worker,,0,'New Orleans',3,9/10/2014,0,0
329,51794,programmer 2,382,1,'San Fran',5,11/28/2013,4,2
330,22866,office worker,,0,'New York',3,5/15/2013,0,4
331,25250,office worker,645,1,'New York',1,8/8/2014,2,2
332,69892,analyst,284,1,'San Fran',6,3/6/2014,0,2
333,36297,programmer 1,,0,'New York',5,4/4/2015,5,4
334,53645,programmer 2,75,1,'New Orleans',5,5/24/2013,5,3
335,31374,programmer 1,38,1,'New York',5,1/15/2014,0,2
336,40409,programmer 1,145,1,'Orlando',1,3/8/2015,1,0
337,85057,sr. analyst,508,1,'San Fran',5,4/20/2013,0,3
338,42790,programmer 1,988,1,'New Orleans',5,1/28/2014,3,5
339,98310,sr. analyst,,0,'New York',6,3/31/2013,3,0
340,93465,sr. analyst,799,1,'San Fran',5,4/10/2013,5,3
341,36968,programmer 1,,0,'New York',5,11/20/2014,2,2
342,62980,analyst,,0,'Orlando',5,12/13/2014,2,4
343,28917,office worker,,0,'New York',4,7/31/2014,1,0
344,21944,office worker,,0,'San Fran',4,3/24/2014,1,2
345,27183,office worker,409,1,'New Orleans',6,3/20/2015,0,3
346,118271,director,,0,'New Orleans',6,5/11/2014,5,2
347,62458,analyst,47,1,'Orlando',4,2/26/2015,0,4
348,88916,sr. analyst,209,1,'New York',3,6/26/2013,1,5
349,96231,sr. analyst,962,1,'New York',2,8/27/2013,5,5
350,119226,director,,0,'New Orleans',2,8/13/2013,4,3
351,30325,programmer 1,,0,'New Orleans',3,1/30/2015,3,4
352,28101,office worker,,0,'Orlando',2,12/25/2013,2,0
353,83661,sr. analyst,864,1,'San Fran',2,2/20/2014,1,4
354,93353,sr. analyst,,0,'Orlando',3,1/25/2014,0,3
355,43764,programmer 1,,0,'San Fran',3,6/21/2015,5,5
356,70405,analyst,,0,'New York',2,6/19/2014,0,5
357,20702,office worker,,0,'Orlando',2,1/21/2013,3,1
358,96362,sr. analyst,,0,'San Fran',2,8/31/2015,2,0
359,73796,analyst,,0,'San Fran',4,4/1/2015,3,4
360,49465,programmer 1,275,1,'New Orleans',2,5/10/2014,2,0
361,69774,analyst,975,1,'San Fran',2,9/19/2013,1,4
362,86450,sr. analyst,243,1,'San Fran',2,2/13/2015,0,3
363,76881,analyst,,0,'San Fran',3,3/23/2014,2,4
364,45852,programmer 1,926,1,'New Orleans',6,5/9/2015,1,3
365,36750,programmer 1,,0,'New York',1,5/13/2014,5,3
366,82185,sr. analyst,487,1,'San Fran',1,4/15/2013,1,1
367,116851,director,,0,'New York',2,6/11/2014,3,4
368,80628,sr. analyst,464,1,'San Fran',5,1/18/2013,4,3
369,96960,sr. analyst,,0,'San Fran',5,9/17/2014,0,1
370,59311,programmer 2,,0,'New York',1,6/3/2015,4,0
371,28062,office worker,,0,'New York',3,9/20/2014,1,1
372,88547,sr. analyst,394,1,'New York',3,1/13/2015,3,3
373,42835,programmer 1,,0,'New York',1,2/6/2013,1,4
374,68884,analyst,,0,'New York',1,10/28/2014,0,3
375,20854,office worker,,0,'New York',1,5/11/2014,3,1
376,60860,analyst,,0,'New Orleans',3,7/16/2014,1,4
377,53104,programmer 2,,0,'New York',6,3/14/2015,5,5
378,20556,office worker,716,1,'New York',5,9/20/2015,3,0
379,52486,programmer 2,,0,'San Fran',3,4/16/2013,3,4
380,33973,programmer 1,,0,'Orlando',3,1/22/2013,4,3
381,49179,programmer 1,,0,'Orlando',5,5/28/2015,3,0
382,97471,sr. analyst,,0,'Orlando',2,11/19/2014,5,3
383,50799,programmer 2,794,1,'San Fran',1,8/2/2014,5,2
384,32286,programmer 1,441,1,'San Fran',3,5/20/2013,5,3
385,95427,sr. analyst,,0,'Orlando',1,3/4/2014,1,5
386,77738,analyst,,0,'New Orleans',3,9/7/2013,5,3
387,97409,sr. analyst,,0,'San Fran',6,5/18/2013,3,3
388,50534,programmer 2,,0,'New York',4,10/9/2013,4,0
389,49515,programmer 1,363,1,'San Fran',1,8/1/2013,5,2
390,67454,analyst,,0,'New York',4,4/17/2015,1,0
391,86493,sr. analyst,243,1,'New Orleans',1,12/28/2013,5,4
392,29712,office worker,644,1,'New Orleans',5,10/23/2013,3,3
393,92518,sr. analyst,,0,'New York',4,8/13/2015,1,0
394,39688,programmer 1,,0,'San Fran',3,12/17/2013,0,0
395,55036,programmer 2,220,1,'New Orleans',4,12/12/2014,5,2
396,85683,sr. analyst,,0,'Orlando',6,2/8/2013,5,1
397,28729,office worker,923,1,'Orlando',5,1/20/2015,0,0
398,48318,programmer 1,,0,'San Fran',2,4/9/2014,1,0
399,102978,director,525,1,'San Fran',3,9/26/2015,3,4
400,55101,programmer 2,,0,'Orlando',5,4/14/2014,4,1
401,112285,director,683,1,'San Fran',2,11/17/2013,0,0
402,47723,programmer 1,,0,'New York',5,5/6/2015,1,1
403,64400,analyst,,0,'Orlando',4,8/28/2015,3,0
404,101830,director,848,1,'New York',3,7/19/2013,0,0
405,59777,programmer 2,262,1,'New York',3,8/22/2013,2,0
406,62077,analyst,236,1,'New Orleans',3,4/1/2014,2,3
407,79148,analyst,,0,'San Fran',2,8/6/2014,4,1
408,45775,programmer 1,,0,'Orlando',2,12/15/2013,3,4
409,56709,programmer 2,406,1,'San Fran',5,1/3/2015,2,1
410,65967,analyst,,0,'Orlando',1,6/19/2013,0,2
411,82398,sr. analyst,,0,'New York',1,11/1/2013,0,4
412,98632,sr. analyst,,0,'San Fran',6,9/28/2015,4,3
413,55652,programmer 2,,0,'San Fran',5,7/10/2013,2,1
414,86714,sr. analyst,131,1,'New Orleans',6,11/4/2015,5,3
415,118166,director,,0,'Orlando',4,12/23/2014,0,1
416,77820,analyst,236,1,'San Fran',5,3/7/2014,3,3
417,78634,analyst,,0,'Orlando',5,7/16/2014,4,3
418,51184,programmer 2,,0,'New York',6,12/2/2015,2,2
419,111690,director,207,1,'New York',2,6/11/2015,3,3
420,111498,director,328,1,'Orlando',1,8/10/2014,5,4
421,85866,sr. analyst,112,1,'New York',3,6/21/2013,0,4
422,93767,sr. analyst,958,1,'Orlando',6,8/30/2014,4,4
423,80472,sr. analyst,,0,'New York',2,1/12/2013,1,0
424,82696,sr. analyst,,0,'Orlando',6,2/14/2014,2,3
425,61099,analyst,,0,'San Fran',6,11/18/2013,2,4
426,53990,programmer 2,202,1,'Orlando',2,3/28/2015,3,0
427,23819,office worker,,0,'New York',2,2/6/2013,0,2
428,60619,analyst,,0,'San Fran',6,5/1/2014,0,2
429,78925,analyst,,0,'Orlando',5,11/16/2015,4,1
430,53659,programmer 2,,0,'Orlando',1,10/18/2014,1,5
431,60209,analyst,,0,'Orlando',3,3/25/2015,5,4
432,50923,programmer 2,,0,'New York',4,5/4/2015,4,5
433,39739,programmer 1,,0,'Orlando',3,6/18/2015,4,1
434,112310,director,,0,'Orlando',1,5/6/2015,2,2
435,98154,sr. analyst,,0,'New Orleans',3,2/15/2015,3,5
436,53150,programmer 2,,0,'New Orleans',2,2/20/2013,4,3
437,38234,programmer 1,,0,'New Orleans',2,2/12/2014,3,0
438,87328,sr. analyst,750,1,'New York',3,1/25/2013,4,1
439,48913,programmer 1,,0,'San Fran',4,6/30/2014,5,0
440,61513,analyst,580,1,'San Fran',4,12/26/2014,0,3
441,72592,analyst,23,1,'Orlando',1,5/9/2013,2,1
442,48925,programmer 1,237,1,'San Fran',4,10/2/2013,5,2
443,59855,programmer 2,,0,'San Fran',6,3/1/2013,2,4
444,39809,programmer 1,,0,'New York',2,1/23/2014,5,1
445,65361,analyst,,0,'New York',2,6/20/2015,0,5
446,105093,director,888,1,'Orlando',2,5/12/2014,0,0
447,85870,sr. analyst,148,1,'San Fran',6,9/9/2013,0,2
448,109488,director,,0,'San Fran',1,2/26/2015,2,1
449,50480,programmer 2,744,1,'San Fran',3,12/29/2014,2,1
450,30188,programmer 1,,0,'San Fran',4,1/7/2013,5,5
451,88495,sr. analyst,,0,'New York',6,3/12/2013,3,5
452,106753,director,312,1,'New York',1,5/16/2013,4,3
453,46659,programmer 1,,0,'New York',2,2/17/2015,0,5
454,46330,programmer 1,,0,'Orlando',5,10/23/2013,3,3
455,74490,analyst,679,1,'Orlando',4,3/17/2015,4,2
456,96493,sr. analyst,,0,'San Fran',6,9/29/2014,3,5
457,82132,sr. analyst,,0,'New Orleans',1,4/25/2015,3,0
458,24794,office worker,,0,'New Orleans',1,8/18/2014,1,3
459,38263,programmer 1,,0,'New Orleans',2,9/19/2014,4,5
460,26721,office worker,325,1,'New York',4,4/20/2014,1,3
461,46886,programmer 1,,0,'New York',5,12/6/2015,5,1
462,108416,director,293,1,'Orlando',3,3/14/2014,5,4
463,23380,office worker,,0,'San Fran',1,9/23/2014,0,2
464,80200,sr. analyst,,0,'Orlando',2,10/14/2014,2,4
465,93799,sr. analyst,571,1,'Orlando',3,8/19/2014,5,5
466,87336,sr. analyst,,0,'New Orleans',6,4/14/2014,0,1
467,45425,programmer 1,234,1,'Orlando',6,10/10/2014,0,5
468,59273,programmer 2,,0,'San Fran',4,4/19/2015,1,4
469,103690,director,,0,'San Fran',2,4/2/2015,2,3
470,77477,analyst,276,1,'New Orleans',6,6/21/2014,2,1
471,29721,office worker,589,1,'New York',3,4/12/2015,2,1
472,107771,director,,0,'San Fran',6,10/2/2014,3,5
473,82121,sr. analyst,569,1,'San Fran',3,5/6/2013,1,0
474,108047,director,411,1,'New York',6,12/7/2015,1,0
475,62896,analyst,,0,'New York',4,7/17/2013,1,2
476,100518,director,914,1,'San Fran',6,2/2/2013,0,3
477,115398,director,,0,'San Fran',3,4/6/2014,1,2
478,78304,analyst,24,1,'Orlando',6,9/22/2015,1,0
479,105864,director,,0,'San Fran',5,4/2/2015,2,2
480,103832,director,233,1,'San Fran',3,5/9/2015,4,4
481,21878,office worker,,0,'Orlando',4,3/30/2013,4,1
482,113652,director,18,1,'New Orleans',2,1/30/2014,2,0
483,58063,programmer 2,802,1,'New Orleans',2,1/1/2013,1,5
484,90757,sr. analyst,178,1,'New York',6,5/28/2013,4,3
485,95348,sr. analyst,,0,'Orlando',4,9/1/2014,1,2
486,113007,director,251,1,'Orlando',2,10/11/2013,3,5
487,67066,analyst,,0,'Orlando',2,6/29/2015,4,5
488,101504,director,,0,'New York',2,3/8/2013,1,5
489,112375,director,25,1,'San Fran',3,11/30/2014,5,2
490,45404,programmer 1,,0,'San Fran',3,8/11/2015,3,2
491,56483,programmer 2,,0,'Orlando',1,4/9/2014,3,1
492,29290,office worker,,0,'New Orleans',2,1/2/2014,3,5
493,82044,sr. analyst,,0,'San Fran',1,6/9/2014,0,4
494,37747,programmer 1,,0,'San Fran',4,8/1/2015,1,1
495,115809,director,,0,'New York',4,4/21/2015,5,2
496,54019,programmer 2,848,1,'Orlando',5,2/14/2013,2,0
497,109044,director,,0,'New York',2,4/20/2014,4,2
498,109205,director,,0,'Orlando',4,1/13/2014,4,1
499,83505,sr. analyst,,0,'Orlando',3,9/3/2015,5,0
500,69297,analyst,,0,'New Orleans',3,9/24/2014,4,1
501,105772,director,561,1,'New York',3,12/18/2013,3,1
502,66769,analyst,846,1,'New Orleans',6,11/24/2015,2,3
503,20708,office worker,642,1,'Orlando',4,5/20/2014,3,2
504,110861,director,,0,'Orlando',3,3/28/2015,5,2
505,30602,programmer 1,389,1,'New York',3,10/3/2015,1,2
506,86795,sr. analyst,,0,'San Fran',2,7/24/2014,0,3
507,86190,sr. analyst,190,1,'New Orleans',6,4/21/2015,1,0
508,29280,office worker,,0,'Orlando',5,1/31/2014,1,1
509,27090,office worker,,0,'New Orleans',2,9/12/2014,2,3
510,103505,director,,0,'New Orleans',5,3/25/2013,3,1
511,96523,sr. analyst,,0,'New Orleans',2,11/18/2013,3,0
512,51237,programmer 2,,0,'New Orleans',3,1/31/2014,2,1
513,36143,programmer 1,,0,'San Fran',3,10/9/2014,5,3
514,91196,sr. analyst,69,1,'New Orleans',6,7/8/2014,1,1
515,67981,analyst,,0,'New Orleans',5,5/20/2014,0,1
516,100857,director,,0,'New Orleans',4,9/23/2013,4,0
517,95383,sr. analyst,,0,'New Orleans',5,1/25/2013,5,1
518,74055,analyst,,0,'New Orleans',6,11/20/2015,5,4
519,109967,director,,0,'Orlando',6,4/8/2015,3,2
520,111596,director,,0,'New York',6,9/7/2015,3,2
521,38278,programmer 1,3,1,'New Orleans',6,9/19/2015,4,2
522,118728,director,,0,'New York',5,11/14/2014,2,0
523,78616,analyst,,0,'New York',6,12/27/2014,0,5
524,62054,analyst,248,1,'San Fran',6,11/20/2014,1,0
525,111344,director,,0,'New Orleans',2,4/21/2013,0,2
526,50494,programmer 2,,0,'San Fran',1,6/1/2014,5,1
527,80002,sr. analyst,,0,'Orlando',1,4/12/2013,2,4
528,84872,sr. analyst,148,1,'Orlando',6,4/21/2013,1,1
529,56684,programmer 2,,0,'New Orleans',1,8/18/2014,0,3
530,23279,office worker,,0,'New Orleans',2,7/18/2015,5,1
531,95366,sr. analyst,,0,'New York',2,6/16/2015,0,3
532,32120,programmer 1,462,1,'San Fran',1,8/6/2014,4,1
533,99434,sr. analyst,,0,'San Fran',5,5/16/2013,5,3
534,55092,programmer 2,113,1,'New York',4,5/30/2013,2,0
535,112835,director,,0,'Orlando',4,2/10/2015,5,2
536,95543,sr. analyst,854,1,'San Fran',1,11/14/2015,5,3
537,30382,programmer 1,459,1,'San Fran',3,2/11/2015,2,3
538,91258,sr. analyst,,0,'San Fran',3,5/30/2013,4,2
539,40096,programmer 1,,0,'Orlando',6,7/19/2015,5,2
540,83248,sr. analyst,42,1,'San Fran',3,3/31/2013,0,4
541,51576,programmer 2,429,1,'New York',4,10/29/2014,1,3
542,95921,sr. analyst,,0,'New York',3,11/27/2013,0,1
543,74167,analyst,,0,'San Fran',2,7/16/2013,1,1
544,66465,analyst,,0,'New Orleans',2,3/22/2014,1,1
545,39366,programmer 1,,0,'Orlando',4,4/19/2014,0,1
546,61447,analyst,,0,'San Fran',1,1/7/2013,4,2
547,53631,programmer 2,538,1,'New Orleans',2,1/13/2015,1,5
548,78388,analyst,841,1,'New Orleans',6,11/10/2014,1,3
549,66805,analyst,288,1,'New Orleans',6,9/16/2014,5,0
550,52986,programmer 2,,0,'Orlando',5,9/20/2013,1,3
551,33204,programmer 1,64,1,'New York',4,4/30/2013,4,2
552,80711,sr. analyst,,0,'San Fran',2,5/13/2014,4,1
553,78519,analyst,241,1,'New Orleans',5,5/9/2014,4,2
554,67235,analyst,,0,'New Orleans',3,2/4/2015,2,4
555,119824,director,,0,'New York',5,9/21/2013,4,5
556,65984,analyst,,0,'San Fran',3,7/10/2015,2,0
557,74305,analyst,,0,'New York',5,6/18/2013,2,4
558,61109,analyst,,0,'San Fran',2,1/31/2015,0,3
559,47967,programmer 1,,0,'New Orleans',3,8/16/2013,1,0
560,62493,analyst,484,1,'New York',4,5/25/2015,1,1
561,112210,director,792,1,'San Fran',5,9/8/2014,5,5
562,25593,office worker,25,1,'San Fran',2,4/23/2014,4,0
563,50681,programmer 2,,0,'New York',4,10/16/2013,0,2
564,54702,programmer 2,,0,'New Orleans',3,12/25/2013,3,1
565,37197,programmer 1,83,1,'New Orleans',4,5/17/2013,4,5
566,62984,analyst,,0,'New York',5,7/1/2014,3,2
567,119189,director,,0,'San Fran',3,3/31/2014,1,5
568,110981,director,394,1,'San Fran',4,3/18/2013,3,2
569,86802,sr. analyst,,0,'New York',2,12/10/2015,3,2
570,36604,programmer 1,483,1,'San Fran',1,2/20/2015,3,4
571,83617,sr. analyst,,0,'Orlando',4,3/9/2013,0,5
572,62458,analyst,219,1,'New Orleans',1,8/22/2015,3,2
573,31302,programmer 1,,0,'New York',3,7/31/2015,4,4
574,36452,programmer 1,,0,'San Fran',3,9/4/2013,4,3
575,67633,analyst,,0,'San Fran',2,5/2/2013,3,1
576,118327,director,650,1,'San Fran',4,10/9/2014,5,0
577,64937,analyst,,0,'New Orleans',1,6/4/2013,4,5
578,84032,sr. analyst,468,1,'San Fran',5,11/28/2013,3,0
579,40620,programmer 1,,0,'Orlando',6,4/17/2013,5,0
580,55026,programmer 2,,0,'New York',4,11/10/2014,3,5
581,109229,director,,0,'Orlando',1,8/28/2014,3,0
582,70858,analyst,614,1,'Orlando',1,12/22/2014,0,4
583,77716,analyst,,0,'New York',2,10/19/2014,3,5
584,35743,programmer 1,,0,'Orlando',6,4/7/2013,1,4
585,24486,office worker,554,1,'Orlando',3,10/24/2014,4,2
586,85185,sr. analyst,,0,'New York',4,1/17/2014,3,3
587,42417,programmer 1,829,1,'San Fran',2,1/29/2014,0,0
588,109293,director,547,1,'San Fran',6,4/4/2013,1,2
589,32269,programmer 1,,0,'San Fran',1,11/11/2013,5,0
590,35951,programmer 1,,0,'New York',4,10/13/2015,4,3
591,64908,analyst,804,1,'New Orleans',5,2/14/2015,5,3
592,81327,sr. analyst,,0,'San Fran',4,1/24/2014,1,2
593,43029,programmer 1,269,1,'San Fran',2,5/19/2015,4,2
594,36155,programmer 1,417,1,'Orlando',2,9/20/2013,5,5
595,99446,sr. analyst,285,1,'New Orleans',2,9/17/2013,3,0
596,111875,director,,0,'San Fran',5,9/1/2013,0,5
597,102569,director,591,1,'New York',4,6/19/2014,4,1
598,109502,director,477,1,'New York',2,8/31/2013,2,0
599,58344,programmer 2,617,1,'New York',4,4/30/2013,4,3
600,52565,programmer 2,,0,'San Fran',1,9/16/2013,0,0
601,46906,programmer 1,,0,'New York',1,9/12/2013,1,5
602,118395,director,,0,'New York',3,3/9/2013,4,1
603,59961,programmer 2,,0,'New York',5,6/14/2014,3,3
604,61834,analyst,407,1,'New Orleans',4,2/22/2014,5,5
605,35711,programmer 1,182,1,'New Orleans',5,1/5/2013,2,0
606,36236,programmer 1,,0,'San Fran',4,7/12/2014,3,3
607,91877,sr. analyst,,0,'Orlando',5,7/1/2013,5,5
608,58793,programmer 2,882,1,'New York',4,1/1/2013,4,2
609,97667,sr. analyst,933,1,'Orlando',3,11/13/2013,1,2
610,94177,sr. analyst,,0,'San Fran',1,10/7/2014,0,4
611,53979,programmer 2,,0,'Orlando',6,8/2/2014,0,3
612,46441,programmer 1,,0,'New York',1,4/26/2013,3,2
613,44116,programmer 1,236,1,'New York',3,12/4/2014,3,2
614,93383,sr. analyst,,0,'San Fran',6,12/12/2013,4,2
615,101485,director,127,1,'San Fran',6,2/26/2013,2,2
616,53472,programmer 2,314,1,'New Orleans',3,4/26/2013,1,3
617,29191,office worker,,0,'New York',3,12/4/2013,2,0
618,106342,director,,0,'Orlando',6,11/17/2015,3,2
619,104577,director,660,1,'Orlando',1,11/25/2013,4,2
620,64645,analyst,,0,'New Orleans',5,4/16/2013,0,0
621,36892,programmer 1,332,1,'Orlando',2,9/7/2013,2,4
622,24772,office worker,101,1,'San Fran',4,10/10/2014,4,2
623,32582,programmer 1,449,1,'Orlando',1,6/24/2013,4,4
624,33496,programmer 1,571,1,'New York',2,2/26/2014,0,0
625,62418,analyst,,0,'San Fran',2,8/14/2013,4,5
626,65561,analyst,,0,'Orlando',4,12/21/2014,4,1
627,98174,sr. analyst,,0,'Orlando',6,1/21/2013,0,5
628,36462,programmer 1,,0,'New York',5,4/28/2015,2,4
629,117189,director,,0,'New Orleans',3,3/1/2013,2,5
630,79298,analyst,,0,'San Fran',4,1/17/2013,3,4
631,73538,analyst,,0,'New Orleans',4,12/1/2013,5,1
632,54620,programmer 2,,0,'San Fran',2,1/26/2014,2,4
633,70885,analyst,,0,'New York',6,4/11/2015,2,2
634,80182,sr. analyst,,0,'Orlando',1,10/28/2013,4,2
635,91946,sr. analyst,,0,'San Fran',5,2/24/2014,0,5
636,74572,analyst,,0,'Orlando',2,10/12/2014,5,4
637,60022,analyst,,0,'Orlando',4,7/23/2015,3,0
638,46114,programmer 1,607,1,'Orlando',3,7/20/2014,2,4
639,57192,programmer 2,,0,'San Fran',1,7/2/2015,2,0
640,85683,sr. analyst,,0,'San Fran',6,2/25/2015,4,2
641,78175,analyst,881,1,'Orlando',6,3/1/2014,2,4
642,84630,sr. analyst,597,1,'New York',2,9/24/2014,5,3
643,67938,analyst,,0,'New York',6,7/27/2013,5,4
644,111835,director,,0,'San Fran',4,5/26/2013,3,4
645,79975,analyst,,0,'New Orleans',4,8/2/2013,5,1
646,86108,sr. analyst,93,1,'Orlando',2,12/21/2014,1,2
647,37835,programmer 1,,0,'New Orleans',1,10/28/2014,2,3
648,75304,analyst,600,1,'Orlando',3,5/3/2015,0,2
649,88151,sr. analyst,,0,'Orlando',6,8/26/2013,2,2
650,70489,analyst,,0,'San Fran',2,10/28/2014,2,3
651,78438,analyst,,0,'New Orleans',5,11/27/2015,4,2
652,103034,director,,0,'New York',3,6/27/2014,0,0
653,100376,director,105,1,'New York',3,12/30/2013,5,5
654,21003,office worker,,0,'New York',5,10/26/2014,3,3
655,59545,programmer 2,,0,'New York',2,6/30/2014,0,4
656,118617,director,,0,'New York',3,6/3/2013,1,5
657,49817,programmer 1,443,1,'Orlando',5,7/11/2015,2,3
658,49759,programmer 1,,0,'Orlando',2,5/30/2014,3,1
659,39356,programmer 1,815,1,'New Orleans',3,5/7/2014,5,1
660,53834,programmer 2,,0,'Orlando',5,5/8/2015,1,2
661,47992,programmer 1,,0,'Orlando',1,3/12/2015,2,1
662,119675,director,346,1,'Orlando',1,3/8/2013,1,3
663,57411,programmer 2,262,1,'San Fran',4,2/4/2015,0,4
664,27260,office worker,,0,'Orlando',6,8/17/2013,5,1
665,71039,analyst,424,1,'Orlando',3,5/10/2013,2,0
666,49335,programmer 1,,0,'New York',2,9/21/2015,4,5
667,63891,analyst,,0,'Orlando',2,8/24/2013,3,3
668,55549,programmer 2,,0,'New Orleans',4,4/12/2014,0,4
669,36500,programmer 1,,0,'San Fran',1,11/29/2014,3,2
670,22360,office worker,203,1,'New Orleans',4,6/13/2013,4,2
671,30589,programmer 1,181,1,'New Orleans',1,2/15/2014,5,1
672,112012,director,292,1,'Orlando',2,3/8/2013,1,2
673,32036,programmer 1,,0,'Orlando',6,9/5/2015,3,1
674,78794,analyst,,0,'San Fran',6,1/13/2013,1,2
675,54042,programmer 2,,0,'San Fran',6,9/4/2015,4,5
676,118930,director,,0,'New Orleans',3,9/25/2014,3,5
677,72171,analyst,,0,'New Orleans',4,10/9/2015,3,4
678,26858,office worker,,0,'Orlando',1,4/1/2014,3,5
679,28830,office worker,105,1,'San Fran',3,6/7/2015,3,3
680,117479,director,,0,'Orlando',5,9/8/2013,0,4
681,66350,analyst,,0,'San Fran',1,6/29/2013,4,0
682,89253,sr. analyst,,0,'New York',1,12/8/2014,3,3
683,82710,sr. analyst,,0,'San Fran',2,5/9/2015,4,3
684,66836,analyst,717,1,'San Fran',5,12/19/2013,1,5
685,103065,director,,0,'San Fran',2,1/26/2013,1,0
686,94240,sr. analyst,886,1,'New Orleans',5,7/16/2014,1,4
687,28822,office worker,,0,'San Fran',6,3/17/2013,3,2
688,110470,director,,0,'New Orleans',5,7/17/2014,5,4
689,52532,programmer 2,129,1,'Orlando',2,8/24/2013,1,1
690,98747,sr. analyst,,0,'Orlando',1,6/27/2013,2,1
691,68792,analyst,,0,'Orlando',6,9/12/2014,3,2
692,80809,sr. analyst,,0,'San Fran',1,2/24/2014,1,0
693,109329,director,,0,'Orlando',1,8/26/2013,4,4
694,116821,director,579,1,'New Orleans',5,7/28/2013,0,0
695,114104,director,,0,'Orlando',1,4/18/2013,1,0
696,32018,programmer 1,160,1,'Orlando',6,1/31/2014,4,5
697,47556,programmer 1,994,1,'Orlando',3,12/31/2014,5,0
698,40291,programmer 1,,0,'New York',5,7/25/2015,5,1
699,61268,analyst,,0,'Orlando',4,4/17/2013,5,4
700,35653,programmer 1,28,1,'New York',4,9/20/2014,5,4
701,29126,office worker,173,1,'Orlando',4,8/23/2015,1,4
702,74591,analyst,,0,'Orlando',2,10/3/2013,0,2
703,101870,director,,0,'Orlando',5,1/23/2013,0,1
704,64597,analyst,,0,'San Fran',5,4/12/2015,5,5
705,44947,programmer 1,,0,'Orlando',5,11/5/2014,1,0
706,110054,director,951,1,'New York',1,9/21/2015,2,1
707,61734,analyst,461,1,'Orlando',4,3/25/2013,4,5
708,25988,office worker,234,1,'San Fran',2,9/30/2015,5,0
709,46624,programmer 1,,0,'San Fran',6,1/30/2014,4,3
710,102893,director,,0,'New York',3,6/24/2014,1,5
711,69140,analyst,,0,'New York',6,3/14/2013,1,5
712,31393,programmer 1,,0,'New York',4,7/28/2013,0,5
713,67104,analyst,603,1,'San Fran',6,7/11/2014,2,2
714,63931,analyst,,0,'Orlando',2,2/18/2014,0,5
715,61062,analyst,,0,'New York',2,7/1/2014,3,3
716,72661,analyst,159,1,'Orlando',3,5/9/2013,2,5
717,109999,director,,0,'New York',3,2/18/2013,0,1
718,21481,office worker,,0,'New Orleans',6,8/17/2015,5,3
719,71190,analyst,,0,'Orlando',6,7/25/2015,2,5
720,87107,sr. analyst,756,1,'New York',6,2/10/2014,3,4
721,119389,director,,0,'New Orleans',5,2/15/2014,0,4
722,112806,director,716,1,'New Orleans',3,9/26/2013,4,5
723,22314,office worker,,0,'New York',6,7/5/2013,1,4
724,47722,programmer 1,,0,'San Fran',2,6/25/2013,3,3
725,43235,programmer 1,,0,'San Fran',4,4/19/2015,1,0
726,85078,sr. analyst,,0,'Orlando',4,3/22/2013,2,1
727,98521,sr. analyst,357,1,'New York',2,7/25/2015,5,4
728,64586,analyst,,0,'Orlando',2,2/20/2015,0,2
729,109715,director,,0,'Orlando',6,3/29/2015,2,3
730,30327,programmer 1,5,1,'San Fran',1,1/20/2015,4,1
731,94032,sr. analyst,,0,'Orlando',5,1/20/2014,4,5
732,43158,programmer 1,,0,'Orlando',2,9/3/2013,5,3
733,86048,sr. analyst,,0,'New Orleans',1,3/19/2014,1,2
734,94362,sr. analyst,,0,'New Orleans',4,11/15/2015,2,1
735,27994,office worker,,0,'New York',3,3/3/2015,5,1
736,42372,programmer 1,747,1,'Orlando',2,7/20/2013,0,4
737,106167,director,,0,'New York',2,8/15/2014,5,0
738,27127,office worker,,0,'New Orleans',3,4/22/2015,2,5
739,83589,sr. analyst,322,1,'New Orleans',4,10/28/2013,5,2
740,70999,analyst,,0,'San Fran',5,7/28/2015,2,1
741,20939,office worker,95,1,'Orlando',3,11/13/2014,3,4
742,63638,analyst,,0,'San Fran',2,9/3/2015,5,4
743,56866,programmer 2,927,1,'New Orleans',4,3/31/2014,4,3
744,35468,programmer 1,,0,'New York',6,9/20/2013,2,2
745,71008,analyst,120,1,'New Orleans',5,1/10/2014,0,3
746,119222,director,592,1,'New Orleans',3,3/7/2015,5,0
747,61699,analyst,500,1,'Orlando',1,7/13/2013,2,3
748,47215,programmer 1,628,1,'Orlando',6,1/21/2014,2,4
749,109153,director,,0,'New York',4,1/25/2015,2,5
750,68518,analyst,,0,'New Orleans',2,4/3/2014,1,2
751,66986,analyst,,0,'San Fran',3,10/5/2014,4,1
752,76955,analyst,,0,'Orlando',2,10/29/2014,1,4
753,93372,sr. analyst,334,1,'Orlando',4,1/18/2014,3,5
754,43721,programmer 1,,0,'San Fran',4,11/16/2013,2,5
755,73987,analyst,,0,'New York',4,11/16/2013,3,5
756,73383,analyst,,0,'New Orleans',2,5/3/2014,3,5
757,38219,programmer 1,244,1,'New Orleans',3,10/14/2014,3,5
758,20013,office worker,,0,'San Fran',4,9/11/2013,2,5
759,85144,sr. analyst,115,1,'Orlando',3,12/7/2013,0,1
760,26013,office worker,39,1,'New Orleans',1,10/18/2014,2,5
761,35636,programmer 1,157,1,'Orlando',2,2/16/2014,0,3
762,48388,programmer 1,119,1,'Orlando',4,10/12/2013,4,1
763,47945,programmer 1,,0,'San Fran',6,4/7/2015,3,4
764,83102,sr. analyst,61,1,'New Orleans',6,1/26/2013,2,1
765,80389,sr. analyst,,0,'New Orleans',3,8/28/2015,5,4
766,114134,director,965,1,'Orlando',5,1/19/2013,4,4
767,87394,sr. analyst,,0,'New Orleans',1,8/28/2015,0,3
768,37542,programmer 1,,0,'New York',3,6/29/2014,3,2
769,75984,analyst,930,1,'New York',4,12/29/2014,5,2
770,77966,analyst,,0,'Orlando',3,7/9/2014,1,2
771,99656,sr. analyst,878,1,'Orlando',4,2/22/2015,2,3
772,103012,director,,0,'New York',6,11/1/2013,2,4
773,43562,programmer 1,,0,'Orlando',1,2/19/2013,2,0
774,101474,director,393,1,'San Fran',4,4/6/2015,3,1
775,81527,sr. analyst,935,1,'New York',6,11/24/2014,4,4
776,108473,director,59,1,'New York',5,2/26/2014,5,1
777,97017,sr. analyst,145,1,'San Fran',4,8/16/2015,2,4
778,100228,director,,0,'San Fran',2,3/23/2015,2,4
779,115255,director,,0,'Orlando',1,7/13/2013,5,0
780,41693,programmer 1,,0,'New Orleans',5,7/21/2014,4,5
781,50741,programmer 2,122,1,'Orlando',1,8/22/2013,4,4
782,113149,director,,0,'New Orleans',6,1/17/2014,4,1
783,85967,sr. analyst,141,1,'New York',3,11/24/2015,3,0
784,109415,director,16,1,'Orlando',3,9/1/2014,1,0
785,20281,office worker,,0,'New York',5,3/18/2014,2,2
786,117427,director,,0,'New York',2,9/13/2015,3,5
787,107557,director,247,1,'San Fran',4,1/21/2015,1,0
788,105581,director,153,1,'Orlando',1,7/28/2014,0,2
789,51364,programmer 2,,0,'Orlando',3,3/17/2015,2,4
790,28263,office worker,,0,'New York',2,8/6/2015,1,5
791,31598,programmer 1,,0,'New York',3,11/9/2014,2,4
792,79651,analyst,955,1,'New York',5,6/19/2015,0,5
793,82876,sr. analyst,,0,'San Fran',3,7/26/2014,3,3
794,61003,analyst,404,1,'San Fran',1,10/29/2013,3,0
795,109108,director,,0,'San Fran',6,6/23/2015,1,4
796,92351,sr. analyst,,0,'New York',2,6/25/2014,4,5
797,29674,office worker,,0,'San Fran',1,1/31/2015,3,4
798,118153,director,,0,'New Orleans',1,7/17/2014,0,0
799,97854,sr. analyst,768,1,'San Fran',5,4/30/2013,4,2
800,24105,office worker,,0,'New York',6,9/30/2015,1,3
801,111023,director,,0,'New Orleans',4,2/24/2013,0,1
802,113068,director,,0,'San Fran',1,7/29/2014,1,4
803,77875,analyst,425,1,'New Orleans',2,3/19/2014,4,4
804,61403,analyst,,0,'New York',2,6/16/2015,0,1
805,102918,director,892,1,'Orlando',5,4/20/2013,5,5
806,99733,sr. analyst,705,1,'New York',3,7/31/2014,1,5
807,98372,sr. analyst,,0,'New Orleans',5,4/12/2014,2,2
808,94638,sr. analyst,,0,'New Orleans',5,4/17/2014,1,4
809,99800,sr. analyst,678,1,'New York',3,3/11/2014,0,3
810,78990,analyst,,0,'Orlando',6,11/6/2013,0,4
811,98725,sr. analyst,889,1,'Orlando',2,4/15/2015,3,3
812,79624,analyst,896,1,'New York',4,3/21/2013,4,0
813,41086,programmer 1,603,1,'New Orleans',2,11/21/2015,4,0
814,57547,programmer 2,,0,'New Orleans',4,10/8/2014,3,1
815,21358,office worker,772,1,'New York',6,2/13/2013,4,2
816,34655,programmer 1,455,1,'San Fran',6,3/5/2014,5,3
817,41922,programmer 1,,0,'San Fran',2,10/30/2013,2,0
818,92573,sr. analyst,74,1,'New Orleans',3,2/4/2015,2,5
819,73507,analyst,,0,'New Orleans',6,1/23/2015,4,0
820,27056,office worker,,0,'New Orleans',1,6/11/2014,0,4
821,103891,director,966,1,'New Orleans',6,3/2/2013,4,5
822,55225,programmer 2,,0,'New York',2,8/5/2014,2,2
823,45211,programmer 1,,0,'Orlando',6,3/25/2013,5,5
824,101770,director,,0,'Orlando',4,8/26/2013,3,4
825,109110,director,958,1,'New York',6,4/27/2014,0,0
826,107435,director,368,1,'New York',3,1/6/2014,2,5
827,92524,sr. analyst,932,1,'New Orleans',3,11/7/2014,4,2
828,96316,sr. analyst,,0,'New York',5,12/13/2014,4,5
829,66438,analyst,641,1,'New York',1,12/3/2015,5,4
830,99989,sr. analyst,441,1,'New Orleans',6,5/12/2015,1,1
831,76170,analyst,489,1,'New York',2,3/9/2015,5,2
832,104858,director,864,1,'New Orleans',1,3/21/2014,0,4
833,90293,sr. analyst,,0,'New York',1,11/2/2015,1,5
834,22496,office worker,,0,'New Orleans',4,9/30/2015,4,5
835,66434,analyst,,0,'New York',3,10/29/2013,3,1
836,100491,director,,0,'New Orleans',4,10/8/2013,2,4
837,48533,programmer 1,,0,'Orlando',6,3/9/2015,1,4
838,31800,programmer 1,98,1,'New Orleans',4,1/25/2014,1,1
839,113379,director,757,1,'San Fran',2,11/5/2014,2,1
840,112733,director,,0,'San Fran',6,6/15/2013,0,2
841,106757,director,723,1,'New York',4,8/20/2014,3,2
842,112822,director,,0,'New Orleans',6,3/8/2015,0,4
843,30230,programmer 1,546,1,'New York',1,4/4/2015,5,0
844,95246,sr. analyst,242,1,'Orlando',3,8/31/2013,3,4
845,98570,sr. analyst,770,1,'Orlando',2,7/9/2015,1,1
846,65696,analyst,724,1,'New York',6,4/19/2013,1,2
847,58128,programmer 2,981,1,'New York',2,1/25/2013,5,3
848,38972,programmer 1,450,1,'New York',4,3/4/2015,4,4
849,71702,analyst,,0,'Orlando',4,4/30/2013,3,4
850,25245,office worker,875,1,'New York',2,1/31/2013,1,0
851,87090,sr. analyst,,0,'Orlando',6,1/26/2014,0,5
852,44013,programmer 1,620,1,'Orlando',2,4/11/2015,0,5
853,26422,office worker,,0,'New York',2,6/20/2015,1,3
854,59676,programmer 2,,0,'New Orleans',3,8/30/2014,4,4
855,67940,analyst,254,1,'New York',3,6/1/2015,1,1
856,49818,programmer 1,854,1,'New Orleans',6,2/5/2015,1,5
857,108878,director,582,1,'Orlando',1,5/3/2013,0,1
858,23999,office worker,,0,'San Fran',4,10/12/2013,3,1
859,114011,director,,0,'Orlando',2,3/24/2014,4,3
860,21353,office worker,,0,'New Orleans',6,3/20/2014,3,3
861,91966,sr. analyst,,0,'New York',5,10/24/2013,4,2
862,27995,office worker,,0,'Orlando',1,2/20/2014,2,4
863,52058,programmer 2,530,1,'New York',4,8/3/2015,3,2
864,69338,analyst,987,1,'Orlando',1,10/7/2013,2,4
865,59705,programmer 2,,0,'New York',1,11/23/2014,2,1
866,72307,analyst,,0,'San Fran',3,11/18/2013,2,3
867,66867,analyst,36,1,'Orlando',5,7/9/2015,3,0
868,57808,programmer 2,,0,'New Orleans',3,9/6/2015,5,4
869,118822,director,698,1,'New Orleans',4,7/23/2013,1,4
870,28603,office worker,,0,'San Fran',2,10/31/2015,1,2
871,104790,director,,0,'New York',5,2/6/2013,5,5
872,31735,programmer 1,736,1,'San Fran',1,8/10/2015,5,4
873,117646,director,,0,'San Fran',1,11/19/2015,4,2
874,113640,director,340,1,'New Orleans',6,12/24/2014,4,0
875,73888,analyst,,0,'San Fran',1,9/17/2013,2,3
876,61563,analyst,514,1,'San Fran',3,4/4/2013,2,0
877,69078,analyst,565,1,'Orlando',6,1/7/2013,1,2
878,84028,sr. analyst,,0,'New Orleans',5,3/2/2014,4,2
879,29757,office worker,,0,'New Orleans',2,1/22/2014,5,4
880,80282,sr. analyst,,0,'New York',4,7/14/2013,1,4
881,79649,analyst,476,1,'San Fran',4,3/1/2013,1,4
882,33010,programmer 1,,0,'San Fran',4,3/11/2013,1,0
883,45925,programmer 1,,0,'San Fran',1,6/1/2013,3,3
884,99925,sr. analyst,,0,'Orlando',5,4/15/2015,3,3
885,112909,director,662,1,'New Orleans',5,4/16/2015,5,2
886,34522,programmer 1,,0,'New York',5,6/15/2013,0,4
887,39415,programmer 1,,0,'Orlando',4,4/1/2015,2,1
888,60721,analyst,,0,'San Fran',1,1/15/2014,3,1
889,105470,director,,0,'San Fran',2,6/22/2014,4,3
890,85395,sr. analyst,916,1,'Orlando',2,8/27/2014,4,3
891,56056,programmer 2,914,1,'New York',1,3/20/2013,5,5
892,71039,analyst,,0,'San Fran',3,7/25/2015,3,1
893,115070,director,,0,'New Orleans',5,4/24/2015,4,0
894,52133,programmer 2,,0,'San Fran',2,2/2/2014,4,2
895,72972,analyst,827,1,'New Orleans',2,1/30/2013,0,3
896,107849,director,866,1,'New Orleans',3,11/11/2014,0,1
897,108148,director,,0,'Orlando',2,4/3/2015,2,5
898,96546,sr. analyst,,0,'San Fran',3,2/9/2015,2,4
899,88796,sr. analyst,370,1,'New Orleans',1,1/27/2015,2,4
900,103673,director,939,1,'New York',1,6/17/2013,1,5
901,28608,office worker,,0,'San Fran',4,7/10/2013,0,1
902,46125,programmer 1,,0,'New York',4,6/17/2015,5,0
903,114618,director,826,1,'Orlando',6,7/30/2014,5,0
904,96607,sr. analyst,,0,'San Fran',4,11/25/2013,4,2
905,39019,programmer 1,,0,'Orlando',1,12/10/2015,5,4
906,26798,office worker,435,1,'Orlando',1,7/19/2015,0,0
907,47824,programmer 1,,0,'Orlando',5,6/29/2015,5,4
908,88224,sr. analyst,487,1,'Orlando',2,12/15/2014,3,5
909,30959,programmer 1,,0,'New Orleans',4,12/22/2013,4,2
910,102565,director,,0,'Orlando',2,12/19/2014,3,2
911,61443,analyst,,0,'San Fran',2,7/11/2013,2,5
912,110313,director,518,1,'San Fran',4,11/19/2014,3,4
913,119518,director,,0,'New York',3,8/19/2014,5,0
914,72638,analyst,834,1,'New Orleans',2,4/9/2013,3,5
915,107862,director,257,1,'San Fran',5,4/12/2014,2,0
916,60305,analyst,,0,'Orlando',2,6/19/2014,1,0
917,56709,programmer 2,315,1,'New York',2,4/23/2014,0,1
918,98317,sr. analyst,343,1,'San Fran',5,8/10/2013,5,4
919,53816,programmer 2,,0,'Orlando',5,10/3/2013,1,4
920,49143,programmer 1,1000,1,'New York',6,4/28/2013,0,0
921,20032,office worker,,0,'New Orleans',2,2/23/2013,4,1
922,95796,sr. analyst,,0,'New York',1,4/4/2013,3,1
923,93514,sr. analyst,645,1,'New Orleans',2,8/12/2015,2,2
924,60612,analyst,953,1,'New Orleans',4,5/3/2015,2,0
925,68323,analyst,,0,'Orlando',4,12/7/2014,4,2
926,31144,programmer 1,154,1,'New York',5,8/28/2014,4,2
927,46762,programmer 1,,0,'Orlando',5,4/2/2015,2,3
928,106061,director,,0,'New Orleans',5,5/25/2013,3,3
929,105724,director,,0,'San Fran',5,4/8/2013,4,3
930,24116,office worker,342,1,'New York',2,2/17/2013,4,5
931,53698,programmer 2,,0,'New Orleans',3,7/26/2015,1,0
932,44555,programmer 1,250,1,'New Orleans',1,10/7/2015,4,5
933,63387,analyst,947,1,'New York',4,1/22/2014,0,1
934,119088,director,718,1,'San Fran',4,7/30/2015,4,2
935,87429,sr. analyst,,0,'Orlando',4,11/6/2014,5,2
936,112056,director,,0,'San Fran',5,8/10/2014,2,1
937,85093,sr. analyst,,0,'New York',6,4/29/2014,4,1
938,98898,sr. analyst,,0,'San Fran',4,6/14/2014,5,2
939,77314,analyst,,0,'New York',5,10/27/2013,0,1
940,107200,director,111,1,'New York',4,12/6/2015,0,1
941,96943,sr. analyst,909,1,'Orlando',5,7/25/2013,2,3
942,104461,director,821,1,'New Orleans',2,9/28/2013,5,4
943,49530,programmer 1,,0,'New York',6,2/16/2015,5,3
944,119118,director,,0,'New Orleans',4,4/3/2013,1,2
945,117258,director,,0,'San Fran',1,12/3/2013,3,5
946,63317,analyst,,0,'Orlando',4,8/1/2015,1,5
947,87038,sr. analyst,,0,'New Orleans',2,9/25/2014,1,2
948,93271,sr. analyst,542,1,'San Fran',1,5/18/2015,1,0
949,24688,office worker,,0,'San Fran',1,12/18/2013,1,5
950,79508,analyst,,0,'New Orleans',1,4/28/2015,2,2
951,45772,programmer 1,136,1,'Orlando',5,7/22/2015,2,3
952,104163,director,,0,'San Fran',5,4/2/2014,1,2
953,107944,director,,0,'Orlando',3,1/3/2013,2,2
954,42304,programmer 1,,0,'New York',4,6/27/2013,1,3
955,46789,programmer 1,,0,'New Orleans',1,6/14/2015,2,2
956,94295,sr. analyst,,0,'New York',5,11/8/2013,1,1
957,88365,sr. analyst,739,1,'San Fran',1,9/29/2015,0,0
958,82448,sr. analyst,,0,'San Fran',6,1/9/2014,1,0
959,106430,director,,0,'Orlando',1,8/24/2015,0,2
960,107859,director,,0,'New York',4,1/8/2013,0,4
961,91208,sr. analyst,670,1,'San Fran',5,2/11/2013,0,5
962,52579,programmer 2,,0,'New York',6,7/5/2015,5,3
963,73840,analyst,,0,'San Fran',1,6/13/2013,0,0
964,68976,analyst,,0,'New Orleans',5,8/6/2014,0,4
965,104679,director,,0,'New York',1,2/21/2013,3,3
966,37326,programmer 1,14,1,'New York',4,3/27/2015,0,3
967,74105,analyst,,0,'San Fran',3,3/19/2013,2,2
968,110486,director,,0,'San Fran',3,5/14/2014,5,3
969,94301,sr. analyst,,0,'New York',2,8/13/2013,3,2
970,20781,office worker,,0,'Orlando',5,4/11/2015,4,5
971,61402,analyst,520,1,'Orlando',4,5/14/2013,2,4
972,67990,analyst,,0,'Orlando',4,2/4/2013,1,1
973,48725,programmer 1,764,1,'New Orleans',4,12/3/2013,0,2
974,48737,programmer 1,,0,'New Orleans',1,3/27/2014,2,1
975,75510,analyst,,0,'Orlando',1,5/25/2014,0,3
976,70518,analyst,827,1,'San Fran',5,7/6/2013,1,4
977,28379,office worker,500,1,'Orlando',3,11/17/2014,5,0
978,27730,office worker,,0,'New Orleans',3,8/15/2015,3,5
979,72583,analyst,,0,'Orlando',3,8/30/2014,5,2
980,100109,director,,0,'New York',5,3/19/2013,2,4
981,73290,analyst,824,1,'Orlando',2,10/15/2015,4,5
982,91605,sr. analyst,731,1,'New York',2,12/24/2013,1,1
983,80962,sr. analyst,,0,'New Orleans',3,3/8/2015,0,2
984,102046,director,606,1,'Orlando',6,12/14/2013,2,1
985,119117,director,695,1,'Orlando',5,7/11/2015,4,1
986,98704,sr. analyst,,0,'Orlando',5,4/3/2014,2,4
987,71735,analyst,,0,'New York',2,2/16/2013,2,5
988,21793,office worker,,0,'New York',1,6/11/2015,4,5
989,106974,director,,0,'New York',6,1/7/2015,0,5
990,65204,analyst,,0,'San Fran',3,1/2/2014,1,4
991,29536,office worker,,0,'San Fran',4,6/19/2013,2,5
992,116382,director,,0,'San Fran',2,6/29/2014,0,2
993,109577,director,927,1,'New Orleans',2,8/24/2014,5,5
994,86157,sr. analyst,,0,'New Orleans',5,5/28/2015,3,3
995,78923,analyst,,0,'San Fran',3,5/27/2013,5,4
996,27182,office worker,,0,'New Orleans',3,7/11/2015,5,1
997,112702,director,467,1,'San Fran',5,7/5/2015,5,0
998,90656,sr. analyst,199,1,'New Orleans',2,10/20/2014,1,0
999,28855,office worker,,0,'New York',5,10/18/2014,0,3
1000,59813,programmer 2,,0,'New York',2,10/26/2015,3,5
